"","title","price","image_link"
"1","Samsung 55 Inch 4K Crystal UHD Smart LED TV With Built-In Receiver, Black  ","10,999.","https://m.media-amazon.com/images/I/41dtWpSSjOL._AC_UL320_.jpg"
"2","Samsung 43 Inch Full HD Smart LED TV with Built-in Receiver, Black - UA43T5300AUXEG  ","8,099.","https://m.media-amazon.com/images/I/61DOcUmc0EL._AC_UL320_.jpg"
"3","JAC 32 Inch HD LED TV - 32JB310  ","3,924.","https://m.media-amazon.com/images/I/61UxiHD7VXL._AC_UL320_.jpg"
"4","LG UHD 4K TV 43 Inch UQ7500 Series, Cinema Screen Design 4K Active HDR WebOS Smart AI ThinQ - 43UQ75006LD (New 2022)  ","8,749.","https://m.media-amazon.com/images/I/8156bwsDd+L._AC_UL320_.jpg"
"5","LG UHD 4K TV 50 Inch UQ7500 Series, Cinema Screen Design 4K Active HDR WebOS Smart AI ThinQ  ","9,899.","https://m.media-amazon.com/images/I/8156bwsDd+L._AC_UL320_.jpg"
"6","LG NanoCell TV 50 Inch NANO77 Series Cinema Screen Design 4K Active HDR webOS22 with ThinQ AI - 50NANO776QA.AFU  ","10,699.","https://m.media-amazon.com/images/I/51x2MZ-51nL._AC_UL320_.jpg"
"7","ROWA 32 Inch HD LED Basic TV  ","3,299.","https://m.media-amazon.com/images/I/61YAKCk8n2L._AC_UL320_.jpg"
"8","Jac 43 Inch LED Smart TV Black - NGLD-43JB621  ",NA,"https://m.media-amazon.com/images/I/61mkbdLT+6S._AC_UL320_.jpg"
"9","Samsung 65 Inch 4K UHD Smart LED TV with Built-in Receiver and Remote Control, Black - UA65AU7000UXEG  ","14,499.","https://m.media-amazon.com/images/I/51aJTqBA-FL._AC_UL320_.jpg"
"10","LG 4K UHD Smart TV 43 Inch, 4K UHD, Vibrant Viewing in Ultra High Resolution With Magic Remote 43UP751C0GG  ",NA,"https://m.media-amazon.com/images/I/71B5+FRcQZL._AC_UL320_.jpg"
"11","Samsung 50 Inch 4K UHD Smart LED TV with Built-in Receiver and Remote Control, Black  ",NA,"https://m.media-amazon.com/images/I/413Gac9rcdL._AC_UL320_.jpg"
"12","SAMSUNG 60 Inch TV Crystal Processor 4K LED UA60BU8000UXEG, New Edition - Black  ",NA,"https://m.media-amazon.com/images/I/71XbwoL3R0L._AC_UL320_.jpg"
"13","Samsung 40 inch Full HD Smart TV with Built-in Receiver UA40T5300AUXEG - Black  ","7,941.","https://m.media-amazon.com/images/I/61pWfDIRxmL._AC_UL320_.jpg"
"14","LG UHD 4K TV 43 Inch UQ8000 Series, Cinema Screen Design 4K Active HDR WebOS Smart AI ThinQ - 43UQ80006LD (New 2022)  ","9,395.","https://m.media-amazon.com/images/I/81hG9kWHmJL._AC_UL320_.jpg"
"15","LG UHD 4K TV 55 Inch UP7760PVB Series Cinema Screen Design 4K Active HDR webOS Smart with ThinQ AI  ",NA,"https://m.media-amazon.com/images/I/71iaZyoeNIL._AC_UL320_.jpg"
"16","LG LED Smart TV 43 inch LM6370 Series Full HD HDR Smart LED TV - 43LM6370PVA  ","8,455.","https://m.media-amazon.com/images/I/71Oy86VIHbL._AC_UL320_.jpg"
"17","TORNADO Smart LED TV 32 Inch HD - 32ES1500E - PROMOTIONS (WE, Shaid VIP and WATCH IT)  ","4,799.","https://m.media-amazon.com/images/I/618r+kj5LKL._AC_UL320_.jpg"
"18","LG 4K UHD Smart TV 55 Inch,UQ751C, 4K UHD, Vibrant Viewing in Ultra High Resolution 55UQ751C0LG.AFUE  ",NA,"https://m.media-amazon.com/images/I/71IS-7wDvEL._AC_UL320_.jpg"
"19","LG UHD 4K TV 65 Inch UP7760PVB Series Cinema Screen Design 4K Active HDR webOS Smart with ThinQ AI  ","14,779.","https://m.media-amazon.com/images/I/71iaZyoeNIL._AC_UL320_.jpg"
"20","LG UHD 4K TV 60 Inch UQ7900 Series, Cinema Screen Design 4K Active HDR WebOS Smart AI ThinQ - 60UQ79006LD (New)  ",NA,"https://m.media-amazon.com/images/I/719XBz+nx4L._AC_UL320_.jpg"
"21","LG OLED 65in TV - A1 Series, 4K HDR WebOS Smart AI ThinQ Pixel Dimming OLED65A1PVA (2021)  ","29,999.","https://m.media-amazon.com/images/I/71jXzqBunqL._AC_UL320_.jpg"
"22","SAMSUNG 55 Inch TV Crystal Processor 4K LED UA55BU8500UXEG, New Edition - Black  ","13,999.","https://m.media-amazon.com/images/I/816rig5xDJL._AC_UL320_.jpg"
"23","LG 32 Inch HD LED Standard TV With Built In HD Receiver - 32Lm550 32LM550BPVA  ","4,949.","https://m.media-amazon.com/images/I/71LdES3WGjL._AC_UL320_.jpg"
"24","LG NanoCell TV 55 Inch NANO77 Series, Cinema Screen Design 4K Active HDR WebOS Smart AI ThinQ - 55NANO776QA (New)  ","15,299.","https://m.media-amazon.com/images/I/61YIUrGCxhL._AC_UL320_.jpg"
"25","SHARP Smart Frameless LED TV 43 Inch Full HD With Android System, Built-In Receiver, 2 HDMI and 2 USB Inputs - 2T-C43DG6EX - Promotions (WE and Shahid VIP)  ",NA,"https://m.media-amazon.com/images/I/51SZCnP9CQL._AC_UL320_.jpg"
"26","Toshiba LED 32 Inch HD TV with Built-In Receiver, Black - 32L3965EA  ","4,799.","https://m.media-amazon.com/images/I/71HDquD37GS._AC_UL320_.jpg"
"27","Tornado 43 Inch Full HD LED TV with Built-In Receiver - 43ER9500E  ",NA,"https://m.media-amazon.com/images/I/71mVf1E5txL._AC_UL320_.jpg"
"28","LG Smart TV 55 Inches - Ultra HD - WebOs - ThinQ AI - Active HDR 4K - a5 Gen5 AI Processor - LED - Voice Recognition - WiFi - Slim - Built in Receiver - 55UP7760PVB  ","11,990.","https://m.media-amazon.com/images/I/81ooD9lPeVL._AC_UL320_.jpg"
"29","Grouhy 32 Inch LED HD TV - GLD32NA  ","3,199.","https://m.media-amazon.com/images/I/51P49Pw090L._AC_UL320_.jpg"
"30","LG OLED TV 55 Inch A2 Series, Cinema Screen Design 4K Cinema HDR WebOS Smart AI ThinQ Pixel Dimming - OLED55A26LA (New 2022)  ","19,999.","https://m.media-amazon.com/images/I/713zo2PFTXL._AC_UL320_.jpg"
"31","LG OLED TV 65 inch E8 Series Picture on Glass Design 4K HDR Smart TV OLED65E8PVA - Black  ","49,999.","https://m.media-amazon.com/images/I/61nJq6YJGBL._AC_UL320_.jpg"
"32","Toshiba 4K Smart Frameless D-LED 55 Inch TV with Built-In Receiver, Black - 55U5965EA - PROMOTIONS (WE, Shaid VIP and WATCH IT)  ","12,899.","https://m.media-amazon.com/images/I/71ePz00p-kL._AC_UL320_.jpg"
"33","Contex 32 Inches, CON32T10NHA1A, HD LED TV Standard  ",NA,"https://m.media-amazon.com/images/I/81pmh90Y8HL._AC_UL320_.jpg"
"34","Tornado 55 Inch 4K UHD Smart Android Frameless LED TV with Remote Control and Wifi Connection - 55UA1400E - PROMOTIONS (WE, Shaid VIP and WATCH IT)  ","15,825.","https://m.media-amazon.com/images/I/61GW5Z13-3L._AC_UL320_.jpg"
"35","Samsung 50 Inches 4K Ultra HD QLED Smart TV with Built-in Receiver, Black - QA50Q60B  ","14,699.","https://m.media-amazon.com/images/I/61hrZ19N9hL._AC_UL320_.jpg"
"36","TORNADO 4K Smart LED TV 65 Inch, Built-in Receiver - 65US1500E - PROMOTIONS (WE, Shaid VIP and WATCH IT)  ","15,799.","https://m.media-amazon.com/images/I/61NZQmqPXuL._AC_UL320_.jpg"
"37","Hershman 43 inch LED HD TV  ","5,599.","https://m.media-amazon.com/images/I/71V2gXdwKgL._AC_UL320_.jpg"
"38","Toshiba LED 43 Inch Full HD TV with Built-In Receiver, Black - 43L3965EA  ","8,237.","https://m.media-amazon.com/images/I/615k4OSbsNS._AC_UL320_.jpg"
"39","LG NanoCell TV 50 Inch NANO84 Series, Cinema Screen Design 4K Active HDR WebOS Smart AI ThinQ Local Dimming - 50NANO846QA (New 2022)  ","15,999.","https://m.media-amazon.com/images/I/51uVp3ZWB+L._AC_UL320_.jpg"
"40","LG Real 4K Quantum Dot NanoCell Color Technology LED TV 75 Inch QNED80 Series, Cinema Screen Design 4K Cinema HDR WebOS Smart AI ThinQ Local Dimming - 75QNED806QA (New)  ","39,999.","https://m.media-amazon.com/images/I/61o859Z5cSL._AC_UL320_.jpg"
"41","Hershman HD LED TV 19 inch  ","2,099.","https://m.media-amazon.com/images/I/61m9IVYBxuL._AC_UL320_.jpg"
"42","Toshiba FHD Smart VIDAA No Frame 43 Inch Monitor, Built-in Reserve 43V35KV  ","10,400.","https://m.media-amazon.com/images/I/31Ed7Ri77-L._AC_UL320_.jpg"
"43","Tornado 32inch HD Smart TV, Indoor Reserve 32ES1500E  ","5,900.","https://m.media-amazon.com/images/I/41S3G9z2MfL._AC_UL320_.jpg"
"44","Chromecast with Google TV - 4K with Remote (White)  ","3,500.","https://m.media-amazon.com/images/I/41-Hvat6lEL._AC_UL320_.jpg"
"45","Hershman - 32-inch HD LED TV  ","3,199.","https://m.media-amazon.com/images/I/61lM9ZMqDbL._AC_UL320_.jpg"
"46","LG NanoCell TV 50 Inch NANO79 Series, Cinema Screen Design 4K Active HDR WebOS Smart AI ThinQ - 50NANO796QA (New 2022)  ","13,898.","https://m.media-amazon.com/images/I/61-YwBeI0aL._AC_UL320_.jpg"
"47","Samsung 65 Inches 4K Ultra HD QLED Smart TV with Built-in Receiver, Black - QA65LS03AAUXEG with 1 Frame  ","35,305.","https://m.media-amazon.com/images/I/41Hqgfec4KL._AC_UL320_.jpg"
"48","LG Real 4K Quantum Dot NanoCell Color Technology LED TV 65 Inch QNED7S Series, Cinema Screen Design 4K Cinema HDR WebOS Smart AI ThinQ Local Dimming - 65QNED7S6QA (New)  ","21,499.","https://m.media-amazon.com/images/I/71OTsaRgGlL._AC_UL320_.jpg"
"49","ROWA 43 Inch FHD Android Smart LED TV,8GB Flash,Voice Remote Control,2HDMI and 1 USB Inputs  ",NA,"https://m.media-amazon.com/images/I/61-2aDrdXdL._AC_UL320_.jpg"
"50","LG NanoCell TV 86 Inch NANO79 Series, Cinema Screen Design 4K Active HDR WebOS Smart AI ThinQ - 86NANO796QA  ","52,999.","https://m.media-amazon.com/images/I/51mFbAvH2LL._AC_UL320_.jpg"
"51","SAMSUNG 85 Inch TV Quantum Processor 4K QLED QA85Q70BAUXEG, New Edition - TITAN GRAY  ","55,999.","https://m.media-amazon.com/images/I/81kDRfBjFnL._AC_UL320_.jpg"
"52","Toshiba Smart LED TV, Built-in Preserve 2 HDMI Ports and 2 USB Ports - 32V35KV - (Wii View and View VP and Watch)  ","5,799.","https://m.media-amazon.com/images/I/31Fr71ZnA6L._AC_UL320_.jpg"
"53","Fresh 32LH323 32 Inch LED HD TV with Remote Control - Black  ","3,850.","https://m.media-amazon.com/images/I/61x0kbplKeL._AC_UL320_.jpg"
"54","LG Smart TV 43 Inches - Full HD - WebOs - ThinQ - Active HDR - DTS Virtual:X - Quadcore Processor - LED - WiFi - Slim - Built in Receiver - 43LM6370PVA  ",NA,"https://m.media-amazon.com/images/I/71Tg7Lov-qL._AC_UL320_.jpg"
"55","LG 43 inches UHD 4K Smart TV, Active HDR, WebOS Operating System, ThinQ AI - 43UP7750PVB  ","8,849.","https://m.media-amazon.com/images/I/716bLMdpBPS._AC_UL320_.jpg"
"56","Unionaire 32 inch HD LED TV - L32UT420  ","3,955.","https://m.media-amazon.com/images/I/71XritfH2SL._AC_UL320_.jpg"
"57","LG OLED TV 65 Inch CS Series, Cinema Screen Design 4K Cinema HDR WebOS Smart AI ThinQ Pixel Dimming- OLED65CS6LA (New 2022)  ",NA,"https://m.media-amazon.com/images/I/71pg-oGka7L._AC_UL320_.jpg"
"58","RT Home FHD LED TV 43 INCH SMART ANDROID 9 RT-43SA  ","6,362.","https://m.media-amazon.com/images/I/61e+5tdWDhL._AC_UL320_.jpg"
"59","Tornado 50 Inch 4K UHD Smart Android Frameless LED TV with Remote Control and Wifi Connection - 50UA1400E - PROMOTIONS (WE, Shaid VIP and WATCH IT)  ","12,849.","https://m.media-amazon.com/images/I/61GW5Z13-3L._AC_UL320_.jpg"
"60","Hershman 28 inch HD LED Standard TV with 2 Year Warrant  ","2,799.","https://m.media-amazon.com/images/I/71Ejv2cpttL._AC_UL320_.jpg"
"61","Nikai Smart HD LED TV, 32 Inches, Black - NE32SLED2  ","3,950.","https://m.media-amazon.com/images/I/61Sc603pQFL._AC_UL320_.jpg"
"62","RT Home FHD LED TV 40 INCH - I Cast (RT-40A)  ","4,899.","https://m.media-amazon.com/images/I/61BWjplkqwL._AC_UL320_.jpg"
"63","LG Smart TV 86 Inch QNED80 Series, Cinema Screen Design 4K Cinema HDR WebOS Smart AI ThinQ Local Dimming 86QNED806QA  ","58,290.","https://m.media-amazon.com/images/I/81TM8rOIaaL._AC_UL320_.jpg"
"64","SAMSUNG 55 Inch TV Neo Quantum Processor 4K QLED QA55QN85BAUXEG, New Edition - BRIGHT SILVER  ","28,780.","https://m.media-amazon.com/images/I/91kbl-z4UlL._AC_UL320_.jpg"
"65","Premium 55 Inch 4K SUPER QLED Smart Android 11 TV with Built-in Receiver - SQ55PW900 - RAM: 1.5GB/ Memory: 8GB By: Unionaire  ","11,049.","https://m.media-amazon.com/images/I/51yFxVHIMpL._AC_UL320_.jpg"
"66","HISENSE E6H (43 Inch) 4K UHD Smart VIDAA TV, with Dolby Vision HDR, DTS Virtual X, Bluetooth and Wi-Fi (2022 NEW)  ","9,000.","https://m.media-amazon.com/images/I/81wc-+MbLhL._AC_UL320_.jpg"
"67","Hershman 40 inch LED HD TV  ","4,999.","https://m.media-amazon.com/images/I/51HF07Si5SL._AC_UL320_.jpg"
"68","LG UHD 4K TV 75 Inch UP7760PVB Series, 4K Active HDR WebOS Smart AI ThinQ 75UP7760PVB  ",NA,"https://m.media-amazon.com/images/I/71RzIQcVjkL._AC_UL320_.jpg"
"69","Sharp 40 Inch Full HD Standard TV - LC-40LE2800X  ","6,999.","https://m.media-amazon.com/images/I/71cf-TbXOEL._AC_UL320_.jpg"
"70","Nikai Full HD LED TV, 43 Inches, Black - NE43LED2  ","6,298.","https://m.media-amazon.com/images/I/51xk6L8zQVS._AC_UL320_.jpg"
"71","TORNADO Shield Smart LED TV 32 Inch HD With Built-In Receiver, 2 HDMI and 2 USB Inputs - 32ES9300E-A - PROMOTIONS (WE, Shaid VIP and WATCH IT)  ",NA,"https://m.media-amazon.com/images/I/51AUcJs8KcL._AC_UL320_.jpg"
"72","Skyline 32 Inch HD LED TV-32-32A Silver  ","3,390.","https://m.media-amazon.com/images/I/61+eRFZUVnL._AC_UL320_.jpg"
"73","Samsung 50 Inch 4K Ultra HD Smart LED TV with Built-in Receiver, Titan Grey - UA50TU7000UXEG  ","12,199.","https://m.media-amazon.com/images/I/91f-fN56umL._AC_UL320_.jpg"
"74","UHD TV 65 Inch - Quad Core Processor - Cinema Screen Design - 4K AI ThinQ - Active HDR - WebOS -65UP7760PVB- New Magic Remote  ","14,690.","https://m.media-amazon.com/images/I/81xEiVUw+3L._AC_UL320_.jpg"
"75","SAMSUNG 55 Inch TV Neutral Quantum Processor Lite 8K QLED QA55QN700BUXEG, New Edition - STAINLESS STEEL  ","37,999.","https://m.media-amazon.com/images/I/617HTcfG5jL._AC_UL320_.jpg"
"76","TOSHIBA 4K Smart LED TV 75 Inch With Android System, WiFi Connection, 4 HDMI and 2 USB Inputs - 75U7950EA-S - PROMOTIONS (WE, Shaid VIP and WATCH IT)  ","30,899.","https://m.media-amazon.com/images/I/61pWiYtkdRL._AC_UL320_.jpg"
"77","32LH424R Fresh Monitor - 32LH424R  ","3,939.","https://m.media-amazon.com/images/I/61To83BTVLL._AC_UL320_.jpg"
"78","TORNADO LED TV 32 Inch HD With 2 HDMI and 2 USB Inputs 32EL8250E-B  ","4,725.","https://m.media-amazon.com/images/I/61J+OUCp4AL._AC_UL320_.jpg"
"79","Xiaomi Mi Box 4K Android TV Box with Remote Control - Black  ","2,900.","https://m.media-amazon.com/images/I/415-scZzz-L._AC_UL320_.jpg"
"80","Caixun EC50S1UA, 50 inch 4K UHD HDR Smart TV with Google Assistant, Dolby Audio, WiFi, Netflix, Screen share, Triple Tuner, HDMI, USB  ","8,799.","https://m.media-amazon.com/images/I/819mFAdXLRL._AC_UL320_.jpg"
"81","Samsung55Inches QLED/THE FRAME Smart TV with Built-in Receiver, Black - QA55LS03B  ","19,999.","https://m.media-amazon.com/images/I/61-kcpHWIYL._AC_UL320_.jpg"
"82","ATA 32 Inch LED TV - LED-S32  ","3,399.","https://m.media-amazon.com/images/I/71gpBNkLryL._AC_UL320_.jpg"
"83","Unionaire 43 inch Full HD LED Smart Android TV - Bluetooth - M43UW680  ",NA,"https://m.media-amazon.com/images/I/71A2YKvst-L._AC_UL320_.jpg"
"84","RT Home RT-32SA LED TV 32 INCH HD SMART FRAMELESS  ","4,216.","https://m.media-amazon.com/images/I/71yNTmK2OgL._AC_UL320_.jpg"
"85","LG UHD 4K TV 55 Inch UQ9100 Series, Cinema Screen Design 4K Active HDR WebOS Smart AI ThinQ - 55UQ91006LC (New 2022)  ",NA,"https://m.media-amazon.com/images/I/81k5uWiGELL._AC_UL320_.jpg"
"86","Skyline 32 Inch Smart LED TV 32-22S  ",NA,"https://m.media-amazon.com/images/I/61yok437mhL._AC_UL320_.jpg"
"87","REDLINE 50 Inch LED Android TV - RED-50K1000- Black  ","8,899.","https://m.media-amazon.com/images/I/71OjNY1SCuL._AC_UL320_.jpg"
"88","ATA 32S LED SMART  ","4,388.","https://m.media-amazon.com/images/I/715UQxmShYL._AC_UL320_.jpg"
"89","Sharp 65 inch 4K Ultra HD LED Smart Android TV with Remote Control and Built-in Receiver - 4T-C65DL6EX - Promotions (WE and Shahid VIP)  ",NA,"https://m.media-amazon.com/images/I/61ahhwbZztS._AC_UL320_.jpg"
"90","Ultra HD 4K TV 43 Inch UQ7500 Series Cinema Screen Design 4K Active HDR WebOS Smart AI ThinQ 43UQ75006LG  ","8,849.","https://m.media-amazon.com/images/I/A1NzN3yfgXL._AC_UL320_.jpg"
"91","SAMSUNG 65 Inch TV New Quantum Processor 4K QLED QA65QN90BAUXEG, New Edition - TITAN Black  ","48,999.","https://m.media-amazon.com/images/I/71Amx-C7ZLL._AC_UL320_.jpg"
"92","TORNADO Shield Smart LED TV 43 Inch HD With Built-In Receiver, 2 HDMI and 2 USB Inputs - 43ES9300E-A - PROMOTIONS (WE, Shaid VIP and WATCH IT)  ",NA,"https://m.media-amazon.com/images/I/51LIs1AkkEL._AC_UL320_.jpg"
"93","Xiaomi MDZ-24-AA-3 TV Stick with Built in Chromecast Black  ","2,077.","https://m.media-amazon.com/images/I/41z0oLY5msL._AC_UL320_.jpg"
"94","Syinix A+ Panel HD i-cast LED TV with Built-in Receiver (Black, 32in)  ","3,749.","https://m.media-amazon.com/images/I/71IG3SyhHML._AC_UL320_.jpg"
"95","Haier 32 Inch FHD LED TV 1080P  ","3,998.","https://m.media-amazon.com/images/I/51DpYp1U4aL._AC_UL320_.jpg"
"96","Syinix TV 39-inch HD LED TV With Built-in Satellite Receiver Mobile I-Cast - Black  ",NA,"https://m.media-amazon.com/images/I/61ytMbvLu8L._AC_UL320_.jpg"
"97","Sony 32 Inch HD Smart LED TV - KDL-32W600D - WE Promotion: 50 GBs Free for 3 Months  ","5,899.","https://m.media-amazon.com/images/I/61l0ni0xGqL._AC_UL320_.jpg"
"98","SAMSUNG 55-Inch QD-OLED Smart TV 4K – Neural HDR Quantum Processor 4k With 6 Speakers - 2023 Model - QA55S95BAUXEG  ","45,999.","https://m.media-amazon.com/images/I/61CgDtpoIKL._AC_UL320_.jpg"
"99","TV screen protector 50 inch  ","965.","https://m.media-amazon.com/images/I/51GtbLtKyZL._AC_UL320_.jpg"
"100","Unionaire HD LED TV, 32in  ",NA,"https://m.media-amazon.com/images/I/51u5rKhpcYS._AC_UL320_.jpg"
"101","Jac 143ASS 43 Inch Full HD LED Smart Android TV, IPS Panel - Black  ",NA,"https://m.media-amazon.com/images/I/61jrfjpbUkL._AC_UL320_.jpg"
"102","Tornado 43 Inch LED Standard TV Black - 43EL8250E-B  ","8,149.","https://m.media-amazon.com/images/I/31UudBkOfqS._AC_UL320_.jpg"
"103","TORNADO LED TV 32 Inch HD With Built-In Receiver, 2 HDMI and 2 USB Inputs 32ER9300E  ","4,801.","https://m.media-amazon.com/images/I/617imllAXQL._AC_UL320_.jpg"
"104","Samsung 58 Inch TU7000 Crystal UHD 4K Smart TV 2020  ","12,999.","https://m.media-amazon.com/images/I/71qqCWuXuYL._AC_UL320_.jpg"
"105","TOSHIBA Smart LED TV 32 Inch HD, Built-In Receiver, 2 HDMI and 2 USB Inputs - 32V35KV - PROMOTIONS (WE, Shaid VIP and WATCH IT)  ",NA,"https://m.media-amazon.com/images/I/61oi5QdCgPL._AC_UL320_.jpg"
"106","Nikai HD LED TV, 32 Inches, Black - NE32LED2  ","3,940.","https://m.media-amazon.com/images/I/51uQlNYxTLL._AC_UL320_.jpg"
"107","Smart 32 Inch Tv LG + Wall Mount - With Dolby Audio Technology - LED - Active HDR - 32LM637BPVA  ",NA,"https://m.media-amazon.com/images/I/716GJbzoQrL._AC_UL320_.jpg"
"108","TORNADO 4K Smart DLED TV 70 Inch, WiFi Connection - 70US1500E - WE Promotion: 200 GBs Free for 3 Months  ",NA,"https://m.media-amazon.com/images/I/61NZQmqPXuL._AC_UL320_.jpg"
"109","Castle LED Smart TV  ","7,150.","https://m.media-amazon.com/images/I/61+rlBgXj8L._AC_UL320_.jpg"
"110","LG 32 inches LED Smart TV Black - 32LM637BPVA  ",NA,"https://m.media-amazon.com/images/I/81m1BQH03KL._AC_UL320_.jpg"
"111","LG Real 4K Quantum Dot NanoCell Color Technology LED TV 55 Inch QNED80 Series, Cinema Screen Design 4K Cinema HDR WebOS Smart AI ThinQ Local Dimming - 55QNED806QA (New 2022)  ","18,699.","https://m.media-amazon.com/images/I/81yoeb-WY3L._AC_UL320_.jpg"
"112","Haier 43 Inch FHD LED TV 1080P  ",NA,"https://m.media-amazon.com/images/I/51nflj6Ny5L._AC_UL320_.jpg"
"113","SAMSUNG 65-Inch QD-OLED Smart TV 4K – Neural HDR Quantum Processor 4k With 6 Speakers - 2023 Model - QA65S95BAUXEG  ","59,899.","https://m.media-amazon.com/images/I/61DJgbFnd+L._AC_UL320_.jpg"
"114","Castle AC 2132 HD TV - 32 Inch, Black  ","3,875.","https://m.media-amazon.com/images/I/618MJeeuynS._AC_UL320_.jpg"
"115","Syinix 32 Inch i-Cast LED TV, A+ Panel and Built-in receiverr, Black - 32E1M  ","3,849.","https://m.media-amazon.com/images/I/71ibsrHWHCL._AC_UL320_.jpg"
"116","LG 50 inches UHD 4K Smart TV, Active HDR, WebOS Operating System, ThinQ AI - 50UP8150PVB  ",NA,"https://m.media-amazon.com/images/I/71ExlHmeTSL._AC_UL320_.jpg"
"117","Sary 32 inches LED Smart TV Black - SA32RY-5500  ",NA,"https://m.media-amazon.com/images/I/41SqIJpgdLS._AC_UL320_.jpg"
"118","Syinix 43 Lite Full HD Google Android TV with A+Panel,Voice remote control, bluetooth 5.0 and Dolby sound, Black  ",NA,"https://m.media-amazon.com/images/I/616U3pzmYzL._AC_UL320_.jpg"
"119","Contex 43 inch Full HD Smart Android TV - CON43SZ401  ",NA,"https://m.media-amazon.com/images/I/61ONYLt28bL._AC_UL320_.jpg"
"120","Fresh 32LH423RE 32 Inch LED HD Smart Android TV with Remote Control - Black  ",NA,"https://m.media-amazon.com/images/I/511m03RLvrL._AC_UL320_.jpg"
"121","ATA 32 Inch HD LED Standard TV Black - 32DN4 LE  ","3,588.","https://m.media-amazon.com/images/I/71-eFd5uaOL._AC_UL320_.jpg"
"122","TORNADO 4K Smart DLED TV 58 Inch, WiFi Connection - 58US1500E - PROMOTIONS (WE, Shaid VIP and WATCH IT)  ",NA,"https://m.media-amazon.com/images/I/61NZQmqPXuL._AC_UL320_.jpg"
"123","Hikvision RAM - HS-SODIMM - DDR3 - 1600MHz - 8GB - HKED3082BAA2A0ZA1/8G  ","969.","https://m.media-amazon.com/images/I/61pXF3qE8WL._AC_UL320_.jpg"
"124","Haier 32in FHD LED Smart Android 11 TV 1080P  ",NA,"https://m.media-amazon.com/images/I/617hnxJI0eL._AC_UL320_.jpg"
"125","Fresh 43LF320 43 Inch Full HD LED Smart TV - Black  ","7,950.","https://m.media-amazon.com/images/I/51CifacJgGS._AC_UL320_.jpg"
"126","Tornado 32 Inch HD LED TV with Built-In Receiver - 32ER9500E  ","4,700.","https://m.media-amazon.com/images/I/71b7Ovo1GPL._AC_UL320_.jpg"
"127","TORNADO LED TV 43 Inch Full HD With Built-In Receiver, 2 HDMI and 2 USB Inputs 43ER9300E  ","8,334.","https://m.media-amazon.com/images/I/61zxj9P3dUL._AC_UL320_.jpg"
"128","ULTRA 32 Inch HD LED TV- UT32U  ","3,699.","https://m.media-amazon.com/images/I/61oIQE2t7nL._AC_UL320_.jpg"
"129","ATA 43 Inch Full HD LED Smart TV Black - 43S1  ",NA,"https://m.media-amazon.com/images/I/71fXxCvrtPL._AC_UL320_.jpg"
"130","JAC LED HD Slim 32 Inch NGLD-32AS  ","3,975.","https://m.media-amazon.com/images/I/71ES8auIG6L._AC_UL320_.jpg"
"131","haier TV 58 inch 4K ULTRA HD SMART ANDROID 9 BUILT-IN RECEIVER LE58K6600UG  ",NA,"https://m.media-amazon.com/images/I/51tIfdCKFML._AC_UL320_.jpg"
"132","RT Home RT-32A LED TV 32 INCH HD ICast Frameless  ","3,745.","https://m.media-amazon.com/images/I/61JHuWgO5OL._AC_UL320_.jpg"
"133","Syinix 50 Inch 4K Ultra HD, Google Android Frameless TV with Voice remote control, HDR - Black  ",NA,"https://m.media-amazon.com/images/I/611vZeTIy+L._AC_UL320_.jpg"
"134","Samsung 55 Inches AU7000 Crystal UHD 4K Flat Smart TV (2021), Titan Gray, UA55AU7000UXZN  ",NA,"https://m.media-amazon.com/images/I/71I5vs+wLNL._AC_UL320_.jpg"
"135","ROWA 55 Inch 4K UHD Android Smart LED TV 16GB Flash,Voice Remote Control,3 HDMI and 2 USB Inputs  ","9,450.","https://m.media-amazon.com/images/I/716qyP4T2BL._AC_UL320_.jpg"
"136","Mega ME32 32 Inch LED HD Standard TV with Remote Control - Black  ",NA,"https://m.media-amazon.com/images/I/61LtpfGUzcL._AC_UL320_.jpg"
"137","LG OLED TV 77 Inch C2 Series, Cinema Screen Design 4K Cinema HDR WebOS Smart AI ThinQ Pixel Dimming- OLED77C26LA (New 2022)  ","89,999.","https://m.media-amazon.com/images/I/81DEbmpvkHL._AC_UL320_.jpg"
"138","Ultra TV, Ut43SH-V2, Smart 43 Inch, Built in Receiver  ",NA,"https://m.media-amazon.com/images/I/51vR6YBG4vL._AC_UL320_.jpg"
"139","Toshiba 32 Inch HD Smart LED TV with Built-in Receiver, Black - 32L5995EA  ",NA,"https://m.media-amazon.com/images/I/61w5r9GXURS._AC_UL320_.jpg"
"140","Samsung 85 Inche Neo QLED 8K Smart TV with Solar Remote, 2021 Model - QA85QN800AUXEG  ","99,999.","https://m.media-amazon.com/images/I/61V0UaPcRlS._AC_UL320_.jpg"
"141","Jack 32 Inch HD LED TV  ","3,925.","https://m.media-amazon.com/images/I/61gapTIHHjL._AC_UL320_.jpg"
"142","Ultra TV, FSKE32H, 32 Inch, HD  ",NA,"https://m.media-amazon.com/images/I/51Mqv5O4JgL._AC_UL320_.jpg"
"143","HUMMER SPORT - RESIVER HUMMER SPORT  ",NA,"https://m.media-amazon.com/images/I/81qYUX1iI6L._AC_UL320_.jpg"
"144","Unionaire 50 Inch LED Smart TV Black - M-LD-50-Smart  ","9,499.","https://m.media-amazon.com/images/I/61G-6PEQwuL._AC_UL320_.jpg"
"145","Haier 43 Inch FHD LED TV 1080P Smart Android 11  ",NA,"https://m.media-amazon.com/images/I/61s0p-P0juL._AC_UL320_.jpg"
"146","LG Smart TV 43 Inch 4K Active HDR WebOS Smart AI ThinQ 43UQ75006LG  ","8,849.","https://m.media-amazon.com/images/I/41W4h4wy0uL._AC_UL320_.jpg"
"147","LED-3219N Standard TV (32in, Black)  ","3,499.","https://m.media-amazon.com/images/I/610gRMeDSIS._AC_UL320_.jpg"
"148","Caixun 32 Inches, CAI32T10NHA1A, HD LED TV Standard  ",NA,"https://m.media-amazon.com/images/I/71O2g3X2N1L._AC_UL320_.jpg"
"149","kAON 43 inches LED Smart TV Black - LED-4319NS  ","6,600.","https://m.media-amazon.com/images/I/610gRMeDSIS._AC_UL320_.jpg"
"150","Haier Tv Smart Android 9 4K Ultra Hd Frameless, Google assist With Built In Receiver LE58K6600UG, Black  ",NA,"https://m.media-amazon.com/images/I/41hGYbCz09L._AC_UL320_.jpg"
"151","Sony 43 inch Full HD LED Smart TV with Remote Control - KDL-43WF665 - WE Promotion: 50 GBs Free for 3 Months  ","8,999.","https://m.media-amazon.com/images/I/71UOqrYg55L._AC_UL320_.jpg"
"152","LG UHD 4K TV 43 Inch UP75 Series, 4K Active HDR WebOS Smart AI ThinQ - 43UP7500PVG ( Without Magic Remote ) (New)  ","9,293.","https://m.media-amazon.com/images/I/91DIMcvVHYL._AC_UL320_.jpg"
"153","42 to 90 inch Screen Holder  ","830.","https://m.media-amazon.com/images/I/514OOviWONL._AC_UL320_.jpg"
"154","LG 32 inches LED Standard TV Black - 32LM550BPVA  ",NA,"https://m.media-amazon.com/images/I/71syagPSS8L._AC_UL320_.jpg"
"155","Unionaire 55 inch Smart Television 4K LED - M55UW850  ",NA,"https://m.media-amazon.com/images/I/71A2YKvst-L._AC_UL320_.jpg"
"156","ULTRA 43 Inch Full HD Smart LED TV- UT43Si  ","7,399.","https://m.media-amazon.com/images/I/61jQjQ5lISS._AC_UL320_.jpg"
"157","LG 55 inches UHD 4K Smart TV, Active HDR, WebOS Operating System, ThinQ AI - 55UP7550PVG (2021)  ",NA,"https://m.media-amazon.com/images/I/71-eG9IswbS._AC_UL320_.jpg"
"158","Samsung LED Smart FHD TV 43t5300 -43in  ","8,743.","https://m.media-amazon.com/images/I/61IHUyZ-O3L._AC_UL320_.jpg"
"159","Samsung 65 Inch Crystal 4K UHD Flat Smart TV with Remote Control, Black - UA65AU8100UXEG  ",NA,"https://m.media-amazon.com/images/I/713AMYbNJ1L._AC_UL320_.jpg"
"160","X96 Mini Smart TV Android 7.1  ","1,200.","https://m.media-amazon.com/images/I/5136RpJkycL._AC_UL320_.jpg"
"161","TCL Full HD Smart Android LED TV, 49 Inch 49S6500  ","11,200.","https://m.media-amazon.com/images/I/71QN-WMOJYL._AC_UL320_.jpg"
"162","Haier Smart TV, 58 Inch, 3840x2160 4K Ultra HD, DLED, Black - LE58K6600UG  ",NA,"https://m.media-amazon.com/images/I/51iFQ7Km4FL._AC_UL320_.jpg"
"163","Syinix 58 Inch 4K Ultra HD, Google Android Frameless TV with Voice remote control,HDR,Black  ",NA,"https://m.media-amazon.com/images/I/61pnLA8NbFL._AC_UL320_.jpg"
"164","LG 55 inches NanoCell Smart TV, 4K Active HDR, WebOS Operating System, ThinQ AI - 55NANO75VPA  ",NA,"https://m.media-amazon.com/images/I/71ba58Om8uS._AC_UL320_.jpg"
"165","Chromecast with Google TV - 4K HDR with remote white  ",NA,"https://m.media-amazon.com/images/I/41WOZR7OeUS._AC_UL320_.jpg"
"166","43in Toshiba Screen in Front Receiver  ","9,795.","https://m.media-amazon.com/images/I/71IJ83ld7mL._AC_UL320_.jpg"
"167","LG Quantum Dot NanoCell with mini LED TV 65 Inch QNED95 Series, Cinema Screen Design 8K Cinema HDR WebOS Smart AI ThinQ Piece Dimming - 65QNED95VPA (2021)  ","48,999.","https://m.media-amazon.com/images/I/618uuKzhOCL._AC_UL320_.jpg"
"168","ATA 50 Inch Full HD Smart LED Monitor - DN4  ",NA,"https://m.media-amazon.com/images/I/71jR+03EJRL._AC_UL320_.jpg"
"169","SAMSUNG 85 Inch TV Neural Quantum Processor 8K QLED QA85QN800BUXEG, New Edition - Black  ","158,999.","https://m.media-amazon.com/images/I/51jDRxVZOHL._AC_UL320_.jpg"
"170","Unionaire 32 inch HD LED TV with Built-in Receiver - L32UT490  ",NA,"https://m.media-amazon.com/images/I/71XritfH2SL._AC_UL320_.jpg"
"171","Toshiba Smart LED TV 43 Inch Full HD with Android System and Built-In Receiver - 43L5965EA  ",NA,"https://m.media-amazon.com/images/I/61+kgKqEgFS._AC_UL320_.jpg"
"172","JAC 32AS 32 Inch HD LED TV  ",NA,"https://m.media-amazon.com/images/I/61D6TUrr7iL._AC_UL320_.jpg"
"173","Toshiba 4K Smart Frameless LED TV with Built-in Receiver (55in, 55U5965EA)  ",NA,"https://m.media-amazon.com/images/I/6152jbrU1FL._AC_UL320_.jpg"
"174","LG LED TV 43in LM5500 Series Full HD LED TV with Built-in Receiver 43LM5500PVA + TV Wall Mount Stand up to 43in  ",NA,"https://m.media-amazon.com/images/I/61t4CW2i7QL._AC_UL320_.jpg"
"175","Symphony 45 Inch Full HD Standard TV with 2 Remote Controls and wall Stand - LED450Q  ",NA,"https://m.media-amazon.com/images/I/71+8bXe6zIS._AC_UL320_.jpg"
"176","Unionaire LED TV SMART 43 Inch Full HD  ",NA,"https://m.media-amazon.com/images/I/61EQ156UymL._AC_UL320_.jpg"
"177","LG 43 inches UHD 4K Smart TV, Active HDR, WebOS Operating System, ThinQ AI - 43UP7550PVG  ",NA,"https://m.media-amazon.com/images/I/71mIwMb0b9S._AC_UL320_.jpg"
"178","samsungg t5300 40inch  ","9,999.","https://m.media-amazon.com/images/I/214eI3FRy7L._AC_UL320_.jpg"
"179","Samsung LED Smart HD TV - 32t5300,32in  ","6,599.","https://m.media-amazon.com/images/I/61iYW9kwdNL._AC_UL320_.jpg"
"180","TV screen protector 43 inch , 2725610235991  ","730.","https://m.media-amazon.com/images/I/51GtbLtKyZL._AC_UL320_.jpg"
"181","Tornado 4K Ultra HD LED Smart TV with Built-in Receiver, 58 Inch - 58US9500E - WE Promotion: 100 GBs Free for 3 Months  ",NA,"https://m.media-amazon.com/images/I/61msNzwa8GS._AC_UL320_.jpg"
"182","JAC 55 Inch Full HD LED Smart Android TV - 55ASS  ",NA,"https://m.media-amazon.com/images/I/71IghJrHgMS._AC_UL320_.jpg"
"183","Panasonic TH-32H400E 32 Inch HD Standard LED TV - Black  ",NA,"https://m.media-amazon.com/images/I/612YAcnVbYL._AC_UL320_.jpg"
"184","Toshiba 43 Inch LED Standard TV Black - 43L2800EV  ","9,799.","https://m.media-amazon.com/images/I/81Emhv8XeyL._AC_UL320_.jpg"
"185","<U+0633><U+0627><U+0645><U+0633><U+0648><U+0646><U+062C> <U+0634><U+0627><U+0634><U+0629> 65 <U+0628><U+0648><U+0635><U+0629> <U+0625><U+0644> <U+0625><U+064A> <U+062F><U+064A> <U+0623><U+0644><U+062A><U+0631><U+0627> <U+0627><U+062A><U+0634> <U+062F><U+064A> <U+0641><U+0648><U+0631> <U+0643><U+064A><U+0647> <U+0633><U+0645><U+0627><U+0631><U+062A> <U+0648><U+0627><U+064A><U+0631><U+0644><U+0633> <U+0631><U+064A><U+0633><U+064A><U+0641><U+0631> <U+062F><U+0627><U+062E><U+0644><U+064A> UA 65AU7000 <U+0635><U+0646><U+0641> 4206  ","16,999.","https://m.media-amazon.com/images/I/41wWHt489pL._AC_UL320_.jpg"
"186","LG 50 inches UHD 4K Smart TV, Active HDR, WebOS Operating System SERIES CINEMA SCREEN DESIGN ThinQ AI - 50UP7750PVB  ",NA,"https://m.media-amazon.com/images/I/713KV7BqHbL._AC_UL320_.jpg"
"187","EZVIZ C3W PRO 2MP  ","3,199.","https://m.media-amazon.com/images/I/51pfb1jlcRL._AC_UL320_.jpg"
"188","Tornado 43 inch Full HD LED TV with Remote Control - 43EL8250E-A  ",NA,"https://m.media-amazon.com/images/I/61O1926rcsL._AC_UL320_.jpg"
"189","Haier 42 inches Smart Android Full HD LED TV with Built in Google Chromecast and Receiver - H42D6FG  ","7,490.","https://m.media-amazon.com/images/I/61XF6fHR3bL._AC_UL320_.jpg"
"190","LG 65 Inch TV Real 4K NanoCell 90 Series Nano Color Nano Black a7 Gen4 AI Processor Cinema Screen - 65NANO90VPA (2021 Model)  ","33,499.","https://m.media-amazon.com/images/I/71dlEKWmolL._AC_UL320_.jpg"
"191","JAC 55 inch Full HD LED smart Android TV - 155T  ","9,730.","https://m.media-amazon.com/images/I/61CFN+vKOsL._AC_UL320_.jpg"
"192","Castle 32 inch LED screen  ","3,895.","https://m.media-amazon.com/images/I/61FVRsbgyHS._AC_UL320_.jpg"
"193","Panasonic 50 Inch 4K Ultra HD Smart TV, Black - TH-50HX650E  ","10,999.","https://m.media-amazon.com/images/I/51q+5xuJc7S._AC_UL320_.jpg"
"194","H96 Mini Android 9.0 TV Box (4GB Ram, 32GB Rom, Allwinner H6 Quad Core 64-bit, Wifi 2.4G/5G, HDMI 2.0a)  ","2,199.","https://m.media-amazon.com/images/I/41v4mvfWIXS._AC_UL320_.jpg"
"195","LG NanoCell TV 65 Inch NANO86 Series, Cinema Screen Design 4K Cinema HDR WebOS Smart AI ThinQ Local Dimming - 65NANO86VNA  ","27,999.","https://m.media-amazon.com/images/I/610pxt2YJ8L._AC_UL320_.jpg"
"196","Tornado 4K Smart Frameless LED TV with Android System (55in, 55UA1400E)  ","16,749.","https://m.media-amazon.com/images/I/61FwmTBwo3L._AC_UL320_.jpg"
"197","Premium 75 Inch 4K UHD LED Smart Android 11 Built-in receiver with Air Mouse Remote Control - 75PW860 By: Unionaire  ","34,966.","https://m.media-amazon.com/images/I/61BGbBT0v+L._AC_UL320_.jpg"
"198","Castle LED TV 43 inch LED  ","6,499.","https://m.media-amazon.com/images/I/61+rlBgXj8L._AC_UL320_.jpg"
"199","JAC 39 Inch HD LED TV - 39N -BLACK  ","6,000.","https://m.media-amazon.com/images/I/61fVIupv6nL._AC_UL320_.jpg"
"200","JAC 150ASS Full HD Smart LED Android 50 Inch TV - Black  ",NA,"https://m.media-amazon.com/images/I/61cRt20lYxS._AC_UL320_.jpg"
"201","Tornado GHV-M90CSU-BK Stainless Steel Built In Hob, 5 Gas Burners, 90 x 60 cm - Silver  ",NA,"https://m.media-amazon.com/images/I/71SywbjKOGL._AC_UL320_.jpg"
"202","HOHO LED 50 INCH SMART 4K ULTRA HD HK5005SU  ","8,900.","https://m.media-amazon.com/images/I/61GRRnHx-BL._AC_UL320_.jpg"
"203","Tornado 32 Inch Smart LED TV with Built-In Receiver - 32ES9500E  ",NA,"https://m.media-amazon.com/images/I/71pq4me4ohL._AC_UL320_.jpg"
"204","Pluto 43 Inch LED Standard TV Black - P43L91DV  ","7,499.","https://m.media-amazon.com/images/I/51Ykp0BhhCL._AC_UL320_.jpg"
"205","MG Standard Full HD TV, 43 Inch - Black  ","5,550.","https://m.media-amazon.com/images/I/61LdXz3aBLL._AC_UL320_.jpg"
"206","H96 Mini H6 TV Box Android 9.0 4GB RAM 128GB ROM Dual Band 5G WIFI Bluetooth 4.0 4K 6K Ultimate HD Video Smart Box  ","2,249.","https://m.media-amazon.com/images/I/510AsLqFNhL._AC_UL320_.jpg"
"207","Universal 32"" 20"" TV Monitor  ","3,300.","https://m.media-amazon.com/images/I/41ERJfKBNiL._AC_UL320_.jpg"
"208","Toshiba 40 Inch Full HD LED TV with Built-in Reserve - Black - 40S3965EA  ","7,999.","https://m.media-amazon.com/images/I/61cE8Yl9SoL._AC_UL320_.jpg"
"209","SAMSUNG 75 Inch TV Neo Quantum Processor 4K QLED QA75QN85BAUXEG With Samsung UA65AU7000UXEG  ","69,999.","https://m.media-amazon.com/images/I/610WkgBCLGL._AC_UL320_.jpg"
"210","SAMSUNG 65-Inch QD-OLED Smart TV 4K – Neural HDR Quantum Processor 4k With 6 Speakers QA65S95BAUXEG With Samsung UA65AU7000UXEG  ","65,999.","https://m.media-amazon.com/images/I/61wXCgyPzvL._AC_UL320_.jpg"
"211","SAMSUNG 65 Inch TV New Quantum Processor 4K QLED QA65QN90BAUXEG With Samsung UA43AU7000UXEG  ","48,999.","https://m.media-amazon.com/images/I/61ms-O1HvAL._AC_UL320_.jpg"
"212","Sky 40 Inch HDMI LED TV, Black  ","15,000.","https://m.media-amazon.com/images/I/61IJnaCUCzL._AC_UL320_.jpg"
"213","Sky 43 Inch LED HDMI Tv, Black  ","15,000.","https://m.media-amazon.com/images/I/613Wf6qOWDL._AC_UL320_.jpg"
"214","Samsung 75 Inch QLED 4K Smart TV with Built-in Receiver and Remote Control, Black - QA75Q70BAUXEG  ","46,203.","https://m.media-amazon.com/images/I/61HIGkaJhqL._AC_UL320_.jpg"
"215","Sky 32 Inch LED HDMI TV, Black  ","5,000.","https://m.media-amazon.com/images/I/61QfC-ifrEL._AC_UL320_.jpg"
"216","RT Home RT-55SA LED 55 INCH 4K SMART ANDROID 9  ","9,712.","https://m.media-amazon.com/images/I/61W-ovPqdrL._AC_UL320_.jpg"
"217","RT Home 43 Inch FHD LED TV, Black - RT-43A  ","6,048.","https://m.media-amazon.com/images/I/619UbpDVPbL._AC_UL320_.jpg"
"218","Specktron 65 inch Interactive Display CDX-65i  ","68,500.","https://m.media-amazon.com/images/I/614-peQm3CL._AC_UL320_.jpg"
"219","Specktron UDX-56S2 Interactive Monitor 65 inch  ","68,500.","https://m.media-amazon.com/images/I/61Sjonky0AL._AC_UL320_.jpg"
"220","OLED Television LG - CS6 - Super REAL 4k - Cinema Screen - Ultimate Gaming Quality - WebOs - 120 Hz - 65 Inches - Slim Design - OLED65CS6LA - New Magic Remote  ","56,490.","https://m.media-amazon.com/images/I/61WkliJOg9L._AC_UL320_.jpg"
"221","OLED Television LG - A2 - Ultra 4K - Cinema Screen - 48 Inches - 60 HZ - WebOs - Active HDR - Smart Dimming - WiFi - OLED48A26LA  ","22,490.","https://m.media-amazon.com/images/I/61hBPIuZJ0L._AC_UL320_.jpg"
"222","Haier 42 Inch FHD LED TV Slim H42D6F  ","6,990.","https://m.media-amazon.com/images/I/71Mo+abQTBL._AC_UL320_.jpg"
"223","Tv uint  ","1,990.","https://m.media-amazon.com/images/I/61YZDSkAcmL._AC_UL320_.jpg"
"224","SHARP 8K Smart LED TV 70 Inch With Android System, WiFi Connection, 4 HDMI and 3 USB Inputs - 8T-C70DW1X - WE Promotion: 200 GBs Free for 3 Months  ","69,999.","https://m.media-amazon.com/images/I/611CXl2I6aL._AC_UL320_.jpg"
"225","Floating Shelf Wall-Mounted Tv Cabinet WiFi Router Set Top Box DVD Player Small Speaker Projector Shelf Wall Shelf Tv Stand Tv Board,Reddish Brown 140CM,Colour Name:Black 80 Cm  ","4,999.","https://m.media-amazon.com/images/I/61n85ECdWZL._AC_UL320_.jpg"
"226","Floating Shelf Wall-Mounted Tv Cabinet WiFi Router Set Top Box DVD Player Small Speaker Projector Shelf Wall Shelf Tv Stand Tv Board,Reddish Brown 140CM,Colour Name:Black 80 Cm  ","4,999.","https://m.media-amazon.com/images/I/61rSkotbRsL._AC_UL320_.jpg"
"227","Haier 42 inches Smart Android Full HD LED TV with Built in Google Chromecast and Receiver - H42D6FG  ","7,490.","https://m.media-amazon.com/images/I/5165X36s9ZL._AC_UL320_.jpg"
"228","LG 43LM5500PVA LED TV 43 inch LM5500 Series Full HD LED TV With Built-in Receiver + TV Wall Mount Stand up to 43 inch  ","9,999.","https://m.media-amazon.com/images/I/71OQmXz8DGL._AC_UL320_.jpg"
"229","Sharp 4K Smart Frameless LED TV with Android System Built-in Receiver (50in, 4T-C50DL6EX)  ","17,249.","https://m.media-amazon.com/images/I/51oC2THWrlL._AC_UL320_.jpg"
"230","LG UHD 4K TV 43 Inch UP77 Series, Cinema Screen Design 4K Active HDR WebOS Smart AI ThinQ  ","10,499.","https://m.media-amazon.com/images/I/716Z8ykDguL._AC_UL320_.jpg"
"231","Tornado 43 Inch Full HD LED TV - 43EL7100E  ","8,999.","https://m.media-amazon.com/images/I/51wM8BpbNuL._AC_UL320_.jpg"
"232","SMART MX 65 inch 4K Interactive Flat Panel with IQ  ","75,999.","https://m.media-amazon.com/images/I/71bcOjpHrjL._AC_UL320_.jpg"
"233","LG OLED TV 77 Inch G1 Series, Gallery Design 4K Cinema HDR WebOS Smart AI ThinQ Pixel Dimming- OLED77G1PVA (2021)  ","99,999.","https://m.media-amazon.com/images/I/61OPf69385L._AC_UL320_.jpg"
"234","Syinix 32 Inch HD LED IPS Panel TV with 2 Remote Controls  - 32A430  ","3,655.","https://m.media-amazon.com/images/I/81cxXghtG7S._AC_UL320_.jpg"
"235","Television MG 32 Inch Full HD  ","3,600.","https://m.media-amazon.com/images/I/516-tpAqSMS._AC_UL320_.jpg"
"236","TOSHIBA 4K Smart TV 43 Inch With Built In Receiver, 3 HDMI and 2 USB Inputs 43U5865EA  ","12,499.","https://m.media-amazon.com/images/I/61CbGOmgMVS._AC_UL320_.jpg"
"237","PLUTO 32 Inch LED Standard TV Black - P32L82DV  ","3,799.","https://m.media-amazon.com/images/I/51ZSNUy6eiL._AC_UL320_.jpg"
"238","Sony 32 Inch HD Standard LED TV - KDL-32R300E  ",NA,"https://m.media-amazon.com/images/I/61-+g4lMtgS._AC_UL320_.jpg"
"239","Panasonic 43 Inch Full HD LED TV, TH-43F312M - Black  ","10,199.","https://m.media-amazon.com/images/I/51KAE-+5-BS._AC_UL320_.jpg"
"240","LG 43 Inch LED TV Ultra HD 4K Smart Webos With Built-In 4K Receiver- 43Uk6300  ","10,499.","https://m.media-amazon.com/images/I/51QUFKYBXXL._AC_UL320_.jpg"
